Erki Niit,erki.niit,P@ssw0rd12,Haldus
Heidi Katrin Pärn,heidi.katrin.parn,P@ssw0rd23,Haldus
Kaia Kuusk,kaia.kuusk,P@ssw0rd40,Haldus
Karl Hendrik Roos,karl.hendrik.roos,P@ssw0rd48,Haldus
Karmen Pihl,karmen.pihl,P@ssw0rd49,Haldus
Kristiina Rand,kristiina.rand,P@ssw0rd57,Haldus
Kätlin Oja,katlin.oja,P@ssw0rd65,Haldus
Madis Vool,madis.vool,P@ssw0rd81,Haldus
Maris Pehk,maris.pehk,P@ssw0rd84,Haldus
Marten Roos,marten.roos,P@ssw0rd89,Haldus
Martin Maasik,martin.maasik,P@ssw0rd92,Haldus
Oliver Lepp,oliver.lepp,P@ssw0rd98,Haldus
Oliver Pihl,oliver.pihl,P@ssw0rd100,Haldus
Priit Tamme,priit.tamme,P@ssw0rd105,Haldus
Raimo Lille,raimo.lille,P@ssw0rd108,Haldus
Rita Mari Rand,rita.mari.rand,P@ssw0rd112,Haldus
Siiri Koppel,siiri.koppel,P@ssw0rd118,Haldus
Taavi Uibo,taavi.uibo,P@ssw0rd124,Haldus
Uku Maasik,uku.maasik,P@ssw0rd131,Haldus
Anneli Roos,anneli.roos,P@ssw0rd9,IT
Annika Koppel,annika.koppel,P@ssw0rd10,IT
Evelin Koppel,evelin.koppel,P@ssw0rd13,IT
Heiki Niit,heiki.niit,P@ssw0rd28,IT
Hendrik Põder,hendrik.poder,P@ssw0rd32,IT
Jaanus Reinsalu,jaanus.reinsalu,P@ssw0rd35,IT
Kairit Rand,kairit.rand,P@ssw0rd44,IT
Karina Õun,karina.oun,P@ssw0rd47,IT
Kristjan Vool,kristjan.vool,P@ssw0rd60,IT
Kätlin Anette Laanemets,katlin.laanemets,P@ssw0rd64,IT
Lauri Tamme,lauri.tamme,P@ssw0rd68,IT
Liisa Kristi Kivimägi,liisa.kivimagi,P@ssw0rd71,IT
Margus Reinsalu,margus.reinsalu,P@ssw0rd82,IT
Mari-Liis Kask,mari-liis.kask,P@ssw0rd83,IT
Mart Maasikas,mart.maasikas,P@ssw0rd87,IT
Priit Martin Tamm,priit.martin.tamm,P@ssw0rd103,IT
Rainer Vaher,rainer.vaher,P@ssw0rd111,IT
Sander Laanemets,sander.laanemets,P@ssw0rd113,IT
Siim Mihkel Mets,siim.mihkel.mets,P@ssw0rd117,IT
Triin Evelin Rõigas,triin.evelin.roigas,P@ssw0rd129,IT
Annika Rand,annika.rand,P@ssw0rd11,Juhtkond
Evelin Mets,evelin.mets,P@ssw0rd14,Juhtkond
Grete Teder,grete.teder,P@ssw0rd20,Juhtkond
Hannes Rõõm,hannes.room,P@ssw0rd22,Juhtkond
Heidy Maasikas,heidy.maasikas,P@ssw0rd25,Juhtkond
Heiki Laanemets,heiki.laanemets,P@ssw0rd27,Juhtkond
Jürgen Saare,jürgen.saare,P@ssw0rd38,Juhtkond
Kaia Lill,kaia.lill,P@ssw0rd42,Juhtkond
Karmen Veer,karmen.veer,P@ssw0rd50,Juhtkond
Karolin Lepp,karolin.lepp,P@ssw0rd51,Juhtkond
Kristo Õun,kristo.oun,P@ssw0rd63,Juhtkond
Liina Maasikas,liina.maasikas,P@ssw0rd70,Juhtkond
Liisa Oja,liisa.oja,P@ssw0rd72,Juhtkond
Maarja Õis,maarja.ois,P@ssw0rd76,Juhtkond
Madis Kuusk,madis.kuusk,P@ssw0rd78,Juhtkond
Mihkel Oja,mihkel.oja,P@ssw0rd97,Juhtkond
Rainer Tamme,rainer.tamme,P@ssw0rd110,Juhtkond
Taivo Järv,taivo.jarv,P@ssw0rd125,Juhtkond
Tarmo Kuusk,tarmo.kuusk,P@ssw0rd127,Juhtkond
Aivo Teder,aivo.teder,P@ssw0rd1,Muuk
Annabel Saar,annabel.saar,P@ssw0rd5,Muuk
Anne-Mai Koppel,anne.mai.koppel,P@ssw0rd6,Muuk
Grete Rand,grete.rand,P@ssw0rd19,Muuk
Heidi Kuusk,heidi.kuusk,P@ssw0rd24,Muuk
Indrek Laanemets,Indrek.laanemets,P@ssw0rd34,Muuk
Janek Järv,janek.jarv,P@ssw0rd36,Muuk
Kaia Koppel,kaia.koppel,P@ssw0rd39,Muuk
Kairit Põder,kairit.poder,P@ssw0rd43,Muuk
Kristo Oja,kristo.oja,P@ssw0rd61,Muuk
Laura Õun,laura.oun,P@ssw0rd67,Muuk
Madis Roos,madis.roos,P@ssw0rd79,Muuk
Mark Saare,mark.saare,P@ssw0rd85,Muuk
Marten Vool,marten.vool,P@ssw0rd91,Muuk
Priit Põder,priit.poder,P@ssw0rd104,Muuk
Sandra Tamme,sandra.tamme,P@ssw0rd116,Muuk
Sirje Lille,sirje.lille,P@ssw0rd122,Muuk
Tiina Järv,tiina.jarv,P@ssw0rd128,Muuk
Name,Username,Password,OU
Andres Karl Kukk,andres.karl.kukk,P@ssw0rd2,Personal
Annabel Jürgens,annabel.jurgens,P@ssw0rd4,Personal
Evelin Soosaar,evelin.soosaar,P@ssw0rd16,Personal
Grete Maasikas,grete.maasikas,P@ssw0rd17,Personal
Helena Vool,helena.vool,P@ssw0rd29,Personal
Hendrik Lill,hendrik.lill,P@ssw0rd31,Personal
Indrek Kask,Indrek.kask,P@ssw0rd33,Personal
Karolin Teder,karolin.teder,P@ssw0rd52,Personal
Kristiina Reet Lepp,kristiina.reet.lepp,P@ssw0rd58,Personal
Liisi Teder,liisi.teder,P@ssw0rd73,Personal
Maarja Saar,maarja.saar,P@ssw0rd75,Personal
Marko Õun,marko.oun,P@ssw0rd86,Personal
Mart Saar,mart.saar,P@ssw0rd88,Personal
Meelis Kaasik,meelis.kaasik,P@ssw0rd95,Personal
Raimo Põder,raimo.poder,P@ssw0rd109,Personal
Sandra Oja,sandra.oja,P@ssw0rd115,Personal
Taavi Reet Mets,taavi.reet.mets,P@ssw0rd123,Personal
Tõnu Kask,tonu.kask,P@ssw0rd130,Personal
Anette Kuusk,anette.kuusk,P@ssw0rd3,Raamatupidamine
Anneli Pihl,anneli.pihl,P@ssw0rd8,Raamatupidamine
Evelin Rand,evelin.rand,P@ssw0rd15,Raamatupidamine
Hannes Maasik,hannes.maasik,P@ssw0rd21,Raamatupidamine
Hendrik Lepp,hendrik.lepp,P@ssw0rd30,Raamatupidamine
Janika Laanemets,janika.laanemets,P@ssw0rd37,Raamatupidamine
Karina Mets,karina.mets,P@ssw0rd45,Raamatupidamine
Keidi Jürgens,keidi.jürgens,P@ssw0rd53,Raamatupidamine
Kertu Pihl,kertu.pihl,P@ssw0rd54,Raamatupidamine
Kristo Rand,kristo.rand,P@ssw0rd62,Raamatupidamine
Leelo Kuusk,leelo.kuusk,P@ssw0rd69,Raamatupidamine
Madis Tamme,madis.tamme,P@ssw0rd80,Raamatupidamine
Martti Oja,martti.oja,P@ssw0rd94,Raamatupidamine
Oliver Maasik,oliver.maasik,P@ssw0rd99,Raamatupidamine
Oskar Tamm,oskar.tamm,P@ssw0rd102,Raamatupidamine
Priit Õun,priit.oun,P@ssw0rd106,Raamatupidamine
Raimo Lill,raimo.lill,P@ssw0rd107,Raamatupidamine
Siiri Mets,siiri.mets,P@ssw0rd120,Raamatupidamine
Siiri Teder,siiri.teder,P@ssw0rd121,Raamatupidamine
Viivi Saare,viivi.saare,P@ssw0rd132,Raamatupidamine
Anneli Koppel,anneli.koppel,P@ssw0rd7,Toimetajad
Grete Oja,grete.oja,P@ssw0rd18,Toimetajad
Heidy Põder,heidy.poder,P@ssw0rd26,Toimetajad
Kaia Lepp,kaia.lepp,P@ssw0rd41,Toimetajad
Karina Oja,karina.oja,P@ssw0rd46,Toimetajad
Kertu Rand,kertu.rand,P@ssw0rd55,Toimetajad
Kristel Õis,kristel.ois,P@ssw0rd56,Toimetajad
Kristjan Laanemets,kristjan.laanemets,P@ssw0rd59,Toimetajad
Kätlin Roos,katlin.roos,P@ssw0rd66,Toimetajad
Liisi Vool,liisi.vool,P@ssw0rd74,Toimetajad
Madis Kuusk,madis.kuusk,P@ssw0rd77,Toimetajad
Marten Saare,marten.saare,P@ssw0rd90,Toimetajad
Martin Teder,martin.teder,P@ssw0rd93,Toimetajad
Meelis Põder,meelis.poder,P@ssw0rd96,Toimetajad
Oliver Teder,oliver.teder,P@ssw0rd101,Toimetajad
Sandra Maasikas,sandra.maasikas,P@ssw0rd114,Toimetajad
Siiri Kuusk,siiri.kuusk,P@ssw0rd119,Toimetajad
Taivo Mets,taivo.mets,P@ssw0rd126,Toimetajad